loss_name,dim,delay_type,lr_type,min_lr,max_lr,step_size
Ackley,1000,undelayed,tri2,0.196678381913816,0.471724491200333,984.818801081314
Ackley,1000,stochastic,tri2,2.67001209507229,0.308514937658537,446.000515942952
Zakharov,1000,undelayed,tri2,5.60765894963322,2.09273472246977,494.521071957496
Zakharov,1000,stochastic,tri2,5.74719557097084,4.91213058914673,656.941830325699
