loss_name,dim,delay_type,lr_type,max_lr,gamma,p
Ackley,1000,undelayed,inv,0.009508967272698,0.899707530535596,0.298821396485841
Ackley,1000,stochastic,inv,1.89307487478717,1,0
Zakharov,1000,undelayed,inv,6.23629072573214,0.596881995576396,0.021857445184297
Zakharov,1000,stochastic,inv,5.71110602270459,0.351502577118679,0.032566134123827
