loss_name,dim,delay_type,lr_type,min_lr,max_lr,step_size
Ackley,1000,undelayed,sin2,0.420991121639879,0.054138088070238,334.355610230797
Ackley,1000,stochastic,sin2,0.081490557007482,2.34805588794228,856.010721739515
Zakharov,1000,undelayed,sin2,0.665686088428621,2.75458156916142,311.135786982933
Zakharov,1000,stochastic,sin2,5.92992686451719,5.02040493251131,942.536441097518
